Model,Accuracy,Loss
CNN,0.7157894736842105,0.5558462142944336
MobileNetV2,0.8631578947368421,0.3394320011138916
