Metric,Value
Accuracy,0.7578947368421053
Precision,0.7457627118644068
Recall,0.8461538461538461
F1 Score,0.7927927927927928
Loss,1.2682766914367676
