Metric,Value
Accuracy,0.8210526315789474
Precision,0.8431372549019608
Recall,0.8269230769230769
F1 Score,0.8349514563106796
Loss,0.3301068842411041
